<options>
	<profile n="colorcoding_profiles.NSIS" version="2">
		<p n="idchars" v="a-zA-Z_$ 0-9"/>
		<p n="case_sensitive" v="1"/>
		<p n="mn_flags" v="dot_float digit_int digit_float"/>
		<p n="k,Function"/>
		<p n="k,FunctionEnd"/>
		<p n="k,PageEx"/>
		<p n="k,PageExEnd"/>
		<p n="k,Section"/>
		<p n="k,SectionEnd"/>
		<p n="k,SubSection"/>
		<p n="k,SubSectionEnd"/>
		<p n="pp,!addincludedir"/>
		<p n="pp,!addplugindir"/>
		<p n="pp,!cd"/>
		<p n="pp,!define"/>
		<p n="pp,!echo"/>
		<p n="pp,!else"/>
		<p n="pp,!endif"/>
		<p n="pp,!error"/>
		<p n="pp,!execute"/>
		<p n="pp,!ifdef"/>
		<p n="pp,!ifmacrodef"/>
		<p n="pp,!ifmacrondef"/>
		<p n="pp,!ifndef"/>
		<p n="pp,!include"/>
		<p n="pp,!insertmacro"/>
		<p n="pp,!macro"/>
		<p n="pp,!macroend"/>
		<p n="pp,!packhdr"/>
		<p n="pp,!system"/>
		<p n="pp,!undef"/>
		<p n="pp,!verbose"/>
		<p n="pp,!warning"/>
		<p n="lib,Abort"/>
		<p n="lib,AddBrandingImage"/>
		<p n="lib,AddSize"/>
		<p n="lib,AllowRootDirInstall"/>
		<p n="lib,AllowSkipFiles"/>
		<p n="lib,AutoCloseWindow"/>
		<p n="lib,BGFont"/>
		<p n="lib,BGGradient"/>
		<p n="lib,BrandingText"/>
		<p n="lib,BringToFront"/>
		<p n="lib,Call"/>
		<p n="lib,CallInstDLL"/>
		<p n="lib,Caption"/>
		<p n="lib,ChangeUI"/>
		<p n="lib,CheckBitmap"/>
		<p n="lib,ClearErrors"/>
		<p n="lib,CompletedText"/>
		<p n="lib,ComponentText"/>
		<p n="lib,CopyFiles"/>
		<p n="lib,CRCCheck"/>
		<p n="lib,CreateDirectory"/>
		<p n="lib,CreateFont"/>
		<p n="lib,CreateShortCut"/>
		<p n="lib,Delete"/>
		<p n="lib,DeleteINISec"/>
		<p n="lib,DeleteINIStr"/>
		<p n="lib,DeleteRegKey"/>
		<p n="lib,DeleteRegValue"/>
		<p n="lib,DetailPrint"/>
		<p n="lib,DetailsButtonText"/>
		<p n="lib,DirText"/>
		<p n="lib,DirVar"/>
		<p n="lib,DirVerify"/>
		<p n="lib,EnableWindow"/>
		<p n="lib,EnumRegKey"/>
		<p n="lib,EnumRegValue"/>
		<p n="lib,Exch"/>
		<p n="lib,Exec"/>
		<p n="lib,ExecShell"/>
		<p n="lib,ExecWait"/>
		<p n="lib,ExpandEnvStrings"/>
		<p n="lib,File"/>
		<p n="lib,FileBufSize"/>
		<p n="lib,FileClose"/>
		<p n="lib,FileErrorText"/>
		<p n="lib,FileOpen"/>
		<p n="lib,FileRead"/>
		<p n="lib,FileReadByte"/>
		<p n="lib,FileSeek"/>
		<p n="lib,FileWrite"/>
		<p n="lib,FileWriteByte"/>
		<p n="lib,FindClose"/>
		<p n="lib,FindFirst"/>
		<p n="lib,FindNext"/>
		<p n="lib,FindWindow"/>
		<p n="lib,FlushINI"/>
		<p n="lib,GetCurInstType"/>
		<p n="lib,GetCurrentAddress"/>
		<p n="lib,GetDlgItem"/>
		<p n="lib,GetDLLVersion"/>
		<p n="lib,GetDLLVersionLocal"/>
		<p n="lib,GetErrorLevel"/>
		<p n="lib,GetFileTime"/>
		<p n="lib,GetFileTimeLocal"/>
		<p n="lib,GetFullPathName"/>
		<p n="lib,GetFunctionAddress"/>
		<p n="lib,GetInstDirError"/>
		<p n="lib,GetLabelAddress"/>
		<p n="lib,GetTempFileName"/>
		<p n="lib,Goto"/>
		<p n="lib,HideWindow"/>
		<p n="lib,Icon"/>
		<p n="lib,IfAbort"/>
		<p n="lib,IfErrors"/>
		<p n="lib,IfFileExists"/>
		<p n="lib,IfRebootFlag"/>
		<p n="lib,IfSilent"/>
		<p n="lib,InitPluginsDir"/>
		<p n="lib,InstallButtonText"/>
		<p n="lib,InstallColors"/>
		<p n="lib,InstallDir"/>
		<p n="lib,InstallDirRegKey"/>
		<p n="lib,InstProgressFlags"/>
		<p n="lib,InstType"/>
		<p n="lib,InstTypeGetText"/>
		<p n="lib,InstTypeSetText"/>
		<p n="lib,IntCmp"/>
		<p n="lib,IntCmpU"/>
		<p n="lib,IntFmt"/>
		<p n="lib,IntOp"/>
		<p n="lib,IsWindow"/>
		<p n="lib,LangString"/>
		<p n="lib,LicenseBkColor"/>
		<p n="lib,LicenseData"/>
		<p n="lib,LicenseForceSelection"/>
		<p n="lib,LicenseLangString"/>
		<p n="lib,LicenseText"/>
		<p n="lib,LoadLanguageFile"/>
		<p n="lib,LogSet"/>
		<p n="lib,LogText"/>
		<p n="lib,MessageBox"/>
		<p n="lib,MiscButtonText"/>
		<p n="lib,Name"/>
		<p n="lib,OutFile"/>
		<p n="lib,Page"/>
		<p n="lib,PageCallbacks"/>
		<p n="lib,Pop"/>
		<p n="lib,Push"/>
		<p n="lib,Quit"/>
		<p n="lib,ReadEnvStr"/>
		<p n="lib,ReadINIStr"/>
		<p n="lib,ReadRegDWORD"/>
		<p n="lib,ReadRegStr"/>
		<p n="lib,Reboot"/>
		<p n="lib,RegDLL"/>
		<p n="lib,Rename"/>
		<p n="lib,ReserveFile"/>
		<p n="lib,Return"/>
		<p n="lib,RMDir"/>
		<p n="lib,SearchPath"/>
		<p n="lib,SectionGetFlags"/>
		<p n="lib,SectionGetInstTypes"/>
		<p n="lib,SectionGetSize"/>
		<p n="lib,SectionGetText"/>
		<p n="lib,SectionIn"/>
		<p n="lib,SectionSetFlags"/>
		<p n="lib,SectionSetInstTypes"/>
		<p n="lib,SectionSetSize"/>
		<p n="lib,SectionSetText"/>
		<p n="lib,SendMessage"/>
		<p n="lib,SetAutoClose"/>
		<p n="lib,SetBrandingImage"/>
		<p n="lib,SetCompress"/>
		<p n="lib,SetCompressor"/>
		<p n="lib,SetCompressorDictSize"/>
		<p n="lib,SetCtlColors"/>
		<p n="lib,SetCurInstType"/>
		<p n="lib,SetDateSave"/>
		<p n="lib,SetDetailsPrint"/>
		<p n="lib,SetDetailsView"/>
		<p n="lib,SetErrorLevel"/>
		<p n="lib,SetErrors"/>
		<p n="lib,SetFileAttributes"/>
		<p n="lib,SetFont"/>
		<p n="lib,SetOutPath"/>
		<p n="lib,SetOverwrite"/>
		<p n="lib,SetPluginUnload"/>
		<p n="lib,SetRebootFlag"/>
		<p n="lib,SetShellVarContext"/>
		<p n="lib,SetSilent"/>
		<p n="lib,ShowInstDetails"/>
		<p n="lib,ShowUninstDetails"/>
		<p n="lib,ShowWindow"/>
		<p n="lib,SilentInstall"/>
		<p n="lib,Sleep"/>
		<p n="lib,SpaceTexts"/>
		<p n="lib,StrCmp"/>
		<p n="lib,StrCpy"/>
		<p n="lib,StrLen"/>
		<p n="lib,SubCaption"/>
		<p n="lib,UninstallButtonText"/>
		<p n="lib,UninstallCaption"/>
		<p n="lib,UninstallIcon"/>
		<p n="lib,UninstallSubCaption"/>
		<p n="lib,UninstallText"/>
		<p n="lib,UninstPage"/>
		<p n="lib,UnRegDLL"/>
		<p n="lib,Var"/>
		<p n="lib,VIAddVersionKey"/>
		<p n="lib,VIProductVersion"/>
		<p n="lib,WindowIcon"/>
		<p n="lib,WriteINIStr"/>
		<p n="lib,WriteRegBin"/>
		<p n="lib,WriteRegDWORD"/>
		<p n="lib,WriteRegExpandStr"/>
		<p n="lib,WriteRegStr"/>
		<p n="lib,WriteUninstaller"/>
		<p n="lib,XPStyle"/>
		<p n="user,HKCC"/>
		<p n="user,HKCR"/>
		<p n="user,HKCU"/>
		<p n="user,HKDD"/>
		<p n="user,HKLM"/>
		<p n="user,HKPD"/>
		<p n="user,HKU"/>
		<p n="user,MB_ABORTRETRYIGNORE"/>
		<p n="user,MB_ICONEXCLAMATION"/>
		<p n="user,MB_ICONINFORMATION"/>
		<p n="user,MB_ICONQUESTION"/>
		<p n="user,MB_ICONSTOP"/>
		<p n="user,MB_OK"/>
		<p n="user,MB_OKCANCEL"/>
		<p n="user,MB_RETRYCANCEL"/>
		<p n="user,MB_RIGHT"/>
		<p n="user,MB_SETFOREGROUND"/>
		<p n="user,MB_TOPMOST"/>
		<p n="user,MB_USERICON"/>
		<p n="user,MB_YESNO"/>
		<p n="user,MB_YESNOCANCEL"/>
		<p n="user,SHCTX"/>
		<p n="styles" v="doxygen"/>
		<p n="comment,;">
			<attrs color_to_eol="comment"/>
		</p>
		<p n="comment,#">
			<attrs color_to_eol="comment"/>
		</p>
		<p n='string,"'>
			<attrs end='"' escape_char="\"/>
		</p>
		<p n="string,'">
			<attrs end="'" escape_char="\"/>
		</p>
		<p n="tag,\$R[0-9]">
			<attrs flags="perlre"/>
		</p>
		<p n="tag,\$[0-9]">
			<attrs flags="perlre"/>
		</p>
		<p n="user,[a-zA-Z_.][a-zA-Z0-9_]*:">
			<attrs flags="perlre"/>
		</p>
		<p n="pp,!if"/>
		<p n="k,${Switch}"/>
		<p n="k,${Case}"/>
		<p n="k,${Break}"/>
		<p n="k,${GetParameter}"/>
		<p n="k,${EndSwitch}"/>
		<p n="k,${While}"/>
		<p n="k,${EndWhile}"/>
		<p n="k,${For}"/>
		<p n="k,${Next}"/>
		<p n="k,${If}"/>
		<p n="k,${AndIf}"/>
		<p n="k,${EndIf}"/>
		<p n="k,${Default}"/>
		<p n="k,${Else}"/>
		<p n="k,${OrIf}"/>
		<p n="k,${AndIfNot}"/>
		<p n="k,${AndUnless}"/>
		<p n="k,${OrIfNot}"/>
		<p n="k,${OrUnless}"/>
		<p n="k,${IfThen}"/>
		<p n="k,${IfCmd}"/>
		<p n="k,${Select}"/>
		<p n="k,${CaseElse}"/>
		<p n="k,${EndSelect}"/>
		<p n="k,${Continue}"/>
		<p n="k,${LoopUnitl}"/>
		<p n="k,${LoopWhile}"/>
		<p n="k,${DoWhile}"/>
		<p n="k,${DoUntil}"/>
		<p n="k,${ExitDo}"/>
		<p n="k,${ForEach}"/>
		<p n="k,${ExitFor}"/>
		<p n="k,${ElseIf}"/>
	</profile>
</options>
